status;proportion
C;0.5909090909090909
A;0.29765395894428154
D;0.06598240469208211
B;0.045454545454545456
