operation;proportion
VYBER;0.4980703293380943
PREVOD NA UCET;0.2385267622989306
VKLAD;0.17950288935256972
PREVOD Z UCTU;0.07469715050056917
VYBER KARTOU;0.009202868509836168
