type;proportion
VYDAJ;0.6007374659194183
PRIJEM;0.39926253408058165
